품목일련번호,품목명,업소일련번호,업소명,성상,큰제품이미지,표시앞,표시뒤,의약품제형,색상앞,색상뒤,분할선앞,분할선뒤,크기장축,크기단축,크기두께,이미지생성일자(약학정보원),분류번호,분류명,전문일반구분,품목허가일자,제형코드명,표기내용앞,표기내용뒤,표기이미지앞,표기이미지뒤,표기코드앞,표기코드뒤,변경일자,사업자번호,품목영문명,보험코드,표준코드
201203127,펜잘레이디정,19650001,(주)종근당,"흰색-분홍색의 두층으로 이루어진 원형 정제이고, 흰색층에 분홍색 반점이 있을 수 있다.",https://nedrug.mfds.go.kr/pbp/cmn/itemImageDownload/1OdaTZpEPi_,L,PZL,원형,분홍,하양,,,10.3,10.3,3.1,20120627,1140.0,해열.진통.소염제,일반의약품,20120424,다층정,,,,,,,,3128560679,Penzal Lady Tab.,,"8806433062606,8806433062613"
197700120,부루펜정200밀리그램(이부프로펜),19550010,삼일제약(주),흰색의 장방형 필름코팅 정제,https://nedrug.mfds.go.kr/pbp/cmn/itemImageDownload/1Mxwka5v45V,마크,BR2,장방형,하양,,,,14.0,7.2,3.7,20060131,1140.0,해열.진통.소염제,일반의약품,19770121,필름코팅정,"siL,5iL",,https://nedrug.mfds.go.kr/pbp/cmn/itemImageDownload/147938644048800047,,r0080,,20241105.0,1348500765,BRUFEN Tab. 200mg,643900470,"8806439004709,8806439004716,8806439004723,8806439004730,8806439004747,8806439004754"
198300343,부루펜정400밀리그램(이부프로펜),19550010,삼일제약(주),흰색의 장방형 필름코팅정제,https://nedrug.mfds.go.kr/pbp/cmn/itemImageDownload/1Mxwka5v465,마크,BR4,장방형,하양,,,,17.1,9.2,5.0,20060613,1140.0,해열.진통.소염제,일반의약품,19830201,필름코팅정,"siL,5iL",,https://nedrug.mfds.go.kr/pbp/cmn/itemImageDownload/147938644048800047,,r0080,,20241105.0,1348500765,BRUFEN Tab. 400mg,643900480,"8806439004808,8806439004815,8806439004822,8806439004839,8806439004846,8806439004853,8806439004860"
198300344,부루펜정600밀리그람(이부프로펜),19550010,삼일제약(주),백색의 장방형 필름코팅정제,https://nedrug.mfds.go.kr/pbp/cmn/itemImageDownload/1Mxwka5v46h,마크,BR6,장방형,하양,,,,21.2,10.2,5.8,20060309,1140.0,해열.진통.소염제,전문의약품,19830201,필름코팅정,"siL,5iL",,https://nedrug.mfds.go.kr/pbp/cmn/itemImageDownload/147938644048800047,,r0080,,,1348500765,Brufen Tab. 600mg,,"8806439004907,8806439004914,8806439004921,8806439004938"
197300096,삼일부루펜정(이부프로펜),19550010,삼일제약(주),백색의 원형 필름코팅정제,https://nedrug.mfds.go.kr/pbp/cmn/itemImageDownload/1Mxwka5v44v,마크,BR,원형,하양,,,,7.6,7.6,4.1,20060309,1140.0,해열.진통.소염제,일반의약품,19730327,필름코팅정,"siL,5iL",,https://nedrug.mfds.go.kr/pbp/cmn/itemImageDownload/147938644048800047,,r0080,,,1348500765,Samil Brufen Tab. 100mg,,"8806439005300,8806439005317,8806439005324"
200101598,소아용게보린-아이츄정(아세트아미노펜제피세립)(수출용),19560011,삼진제약(주),씹어먹는 분홍색의 삼각원형 정제,https://nedrug.mfds.go.kr/pbp/cmn/itemImageDownload/1Pc8NyfFGEn,SJ,분할선,삼각형,분홍,,,-,8.6,8.5,4.1,20060327,1140.0,해열.진통.소염제,일반의약품,20011018,추어블정(저작정),,,,,,,,1248531621,Gewerin- i Chew. Tab. for Children,,"8806478013700,8806478013717,8806478013724"
200810700,펜잘큐정,19650001,(주)종근당,미황색(연노랑)의 장방형 정제,https://nedrug.mfds.go.kr/pbp/cmn/itemImageDownload/1P3diGKSCsx,PenzalQ,분할선,장방형,노랑,,,-,17.0,7.0,6.5,20081117,1140.0,해열.진통.소염제,일반의약품,20081029,나정,,,,,,,20251110.0,3128560679,PENZAL-Q TAB.,,"8806433050207,8806433050214"
200200172,펜잘에스정,19650001,(주)종근당,담청색의 타원형 정제,https://nedrug.mfds.go.kr/pbp/cmn/itemImageDownload/151732680805000060,Penzal·S,,장방형,파랑,,,,18.0,8.0,5.5,20041222,1140.0,해열.진통.소염제,일반의약품,20021028,나정,,,,,,,,3128560679,Penzal-S Tab.,,8806433039509
200200168,펜잘나이트정,19650001,(주)종근당,연분홍색 장방형 코팅정,https://nedrug.mfds.go.kr/pbp/cmn/itemImageDownload/1OgTUuGDjek,PZL-N,분할선,장방형,분홍,,,-,17,6.7,7,20120406,1140.0,해열.진통.소염제,일반의약품,20021010,필름코팅정,,,,,,,,3128560679,Penzal Night Tab.,,"8806433039400,8806433039417"
201301591,이지엔6이브연질캡슐,19540008,(주)대웅제약,무색 내지 연한 청색의 투명한 내용물을 함유한 청색의 투명한 타원형 연질캡슐,https://nedrug.mfds.go.kr/pbp/cmn/itemImageDownload/148717322719300048,EVE,,타원형,"파랑, 투명",,,,13.8,9.2,9.08,20150114,1140.0,해열.진통.소염제,일반의약품,20130117,"연질캡슐제, 액상",,,,,,,20251010.0,1248601143,Easy End Six Eve Soft Cap,,"8806416055502,8806416055519,8806416055526"
201309963,펜잘8시간이알서방정(아세트아미노펜),19650001,(주)종근당,흰색의 장방형 필름코팅정,https://nedrug.mfds.go.kr/pbp/cmn/itemImageDownload/152345165220300070,PENZAL ER,,장방형,하양,,,,19.2,7.7,6.2,20140205,1140.0,해열.진통.소염제,일반의약품,20131029,필름코팅정,,,,,,,20251110.0,3128560679,Penzal 8HOURS ER Tab.,643306670,"8806433066703,8806433066710,8806433066727,8806433066734,8806433066741"
201802994,이지엔6에이스연질캡슐(아세트아미노펜),19540008,(주)대웅제약,미황색의 투명한 액이 든 주황색의 투명한 장방형 연질캡슐,https://nedrug.mfds.go.kr/pbp/cmn/itemImageDownload/1Mp3yEn24lQ,AAP,,타원형,"주황, 투명",,,,21.7,10.0,10.0,20190121,1140.0,해열.진통.소염제,일반의약품,20180719,"연질캡슐제, 액상",,,,,,,20251110.0,1248601143,Easy End Six Ace Soft Cap,,"8806416067000,8806416067017,8806416067024,8806416067031,8806416067048"
201908295,게보린소프트연질캡슐,19560011,삼진제약(주),무색의 투명한 액이 든 분홍색의 투명한 타원형 연질캡슐,https://nedrug.mfds.go.kr/pbp/cmn/itemImageDownload/1OcIzQG1ql0,GRS,,타원형,"분홍, 투명",,,,14.4,8.8,8.8,20200302,1140.0,해열.진통.소염제,일반의약품,20191209,"연질캡슐제, 액상",,,,,,,20251021.0,1248531621,GEWORIN Soft softcap.,,"8806478049402,8806478049419"
200400463,이지엔6애니연질캡슐(이부프로펜),19540008,(주)대웅제약,무색 내지 연한 청록색의 투명한 내용물을 함유한 연청록색의 투명한 타원형 연질캡슐,https://nedrug.mfds.go.kr/pbp/cmn/itemImageDownload/1NVEnjhkQ3O,ANY,,타원형,"청록, 투명",,,,13.1,8.1,8.2,20210215,1140.0,해열.진통.소염제,일반의약품,20040924,"연질캡슐제, 액상",,,,,,,20251010.0,1248601143,Easy End Six Any Soft Cap,641602130,"8806416021309,8806416021316,8806416021323,8806416021330,8806416021347"
202006756,게보린쿨다운정,19560011,삼진제약(주),연한 초록색의 삼각형 필름코팅정,https://nedrug.mfds.go.kr/pbp/cmn/itemImageDownload/1Pc8bb3CZb4,GRC,,삼각형,초록,,,,11.3,11.3,7.2,20201105,1140.0,해열.진통.소염제,일반의약품,20201006,필름코팅정,,,,,,,,1248531621,GEWORIN Cooldown Tablet,,"8806478050606,8806478050613"
197900277,게보린정(수출명:돌로린정),19560011,삼진제약(주),홍색의 정제,https://nedrug.mfds.go.kr/pbp/cmn/itemImageDownload/1N5PLuAiUvi,GR,,삼각형,분홍,,,,11.2,11.2,7.4,20200331,1140.0,해열.진통.소염제,일반의약품,19790315,나정,,,,,,,20251110.0,1248531621,Geworin Tab.,,"8806478000403,8806478000410,8806478000427"
200400485,"이지엔6프로연질캡슐(덱시부프로펜)(수출명:DAUFENSoftCapsule,SPEEDFEN)",19540008,(주)대웅제약,무색 내지 연한 청색의 투명한 내용물이 든 청색의 투명한 타원형 연질캡슐,https://nedrug.mfds.go.kr/pbp/cmn/itemImageDownload/1PEPKBUcd7s,PRO,,타원형,"파랑, 투명",,,,14.4,9.2,9.3,20190820,1140.0,해열.진통.소염제,일반의약품,20041007,"연질캡슐제, 액상",,,,,,,20260102.0,1248601143,Easy End Six Pro Soft Cap,641602140,"8806416021408,8806416021415,8806416021422"
202200407,타이레놀8시간이알서방정(아세트아미노펜),20160540,켄뷰코리아판매유한회사,흰색의 장방형 서방성 필름코팅정제,https://nedrug.mfds.go.kr/pbp/cmn/itemImageDownload/1OKRXo9l4DN,TYLENOLER,,타원형,하양,,,,19.2,7.8,6.2,20220602,1140.0,해열.진통.소염제,일반의약품,20220125,서방성필름코팅정,,,,,,,20260122.0,1068649891,Tylenol 8H Extended Release Tablet,672300240,"8806469026009,8806469026016,8806469026023,8806723002404,8806723002411,8806723002428"
202106092,타이레놀정500밀리그람(아세트아미노펜),20160540,켄뷰코리아판매유한회사,흰색의 장방형 필름코팅정제,https://nedrug.mfds.go.kr/pbp/cmn/itemImageDownload/1OKRXo9l4D5,TYLENOL,500,장방형,하양,,,,17.6,7.1,5.7,20220322,1140.0,해열.진통.소염제,일반의약품,20210823,필름코팅정,,,,,,,20260408.0,1068649891,Tylenol Tablet 500mg,,"8806469025705,8806469025712,8806469025729,8806469025736,8806723002305,8806723002312,8806723002329,8806723002336,8806723002343"
202106954,타이레놀콜드-에스정,20160540,켄뷰코리아판매유한회사,황색의 장방형 정제,https://nedrug.mfds.go.kr/pbp/cmn/itemImageDownload/1OKRXo9l4Df,TYLENOL,COLD,장방형,노랑,,,,16.8,6.8,5.0,20220905,1140.0,해열.진통.소염제,일반의약품,20211015,나정,,,,,,,20260408.0,1068649891,Tylenol Cold-S Tablet,,"8806469025804,8806469025811,8806723002206,8806723002213"
202107495,게보린브이정(아세트아미노펜),19560011,삼진제약(주),흰색의 삼각형 필름코팅정제,https://nedrug.mfds.go.kr/pbp/cmn/itemImageDownload/1O597tTUFYW,GRV,,삼각형,하양,,,,11.3,11.1,7.1,20211209,1140.0,해열.진통.소염제,일반의약품,20211116,필름코팅정,,,,,,,20251110.0,1248531621,GEWORIN V Tablet,,"8806478053300,8806478053317"
202200658,우먼스타이레놀정,20160540,켄뷰코리아판매유한회사,흰색의 장방형 필름코팅정제,https://nedrug.mfds.go.kr/pbp/cmn/itemImageDownload/1OKRXo9l4Dx,TYME,,타원형,하양,,,,17.6,7.2,6.1,20221028,1140.0,해열.진통.소염제,일반의약품,20220210,필름코팅정,,,,,,,20260408.0,1068649891,Women's Tylenol Tablet,,"8806469026207,8806469026214,8806723002107,8806723002114"
201601056,이지엔6스트롱연질캡슐(나프록센),19540008,(주)대웅제약,무색 내지 연한 청록색의 투명한 내용물을 함유한 청록색의 투명한 타원형 연질캡슐,https://nedrug.mfds.go.kr/pbp/cmn/itemImageDownload/1OFm45_SsFB,STR,,타원형,"청록, 투명",,,,15.5,9.0,9.0,20221014,1140.0,해열.진통.소염제,일반의약품,20160226,"연질캡슐제, 액상",,,,,,,20241212.0,1248601143,Easy End Six strong Soft Cap,,"8806416062203,8806416062210"
202007294,게보린릴랙스연질캡슐,19560011,삼진제약(주),"일부분 회백색의 유상내용물, 일부분 무색의 투명한 액을 함유한 주황색의 장방형 연질캡슐",https://nedrug.mfds.go.kr/pbp/cmn/itemImageDownload/1NXqH06PVHI,GRX,,타원형,주황,,,,21.5,9.8,9.3,20210323,1140.0,해열.진통.소염제,일반의약품,20201023,"연질캡슐제, 액상",,,,,,,20251010.0,1248531621,GEWORIN Relax Soft Capsule ,,"8806478050705,8806478050712"
202204213,이지엔6나이트연질캡슐,19540008,(주)대웅제약,무색 또는 미황색의 투명한 내용물을 함유한 투명한 타원형 연질캡슐,https://nedrug.mfds.go.kr/pbp/cmn/itemImageDownload/1OctJqJAsco,eznNT,,타원형,"노랑, 투명",,,,14.9,9.6,9.6,20230808,1140.0,해열.진통.소염제,일반의약품,20221122,"연질캡슐제, 액상",,,,,,,20251010.0,1248601143,Ezn6 Night Soft capsule,,"8806416077702,8806416077719"
200302482,디부루펜정400밀리그램(덱시부프로펜디.씨),19900019,유니메드제약(주),흰색의 장방형 필름코팅정,https://nedrug.mfds.go.kr/pbp/cmn/itemImageDownload/1OeD8xwOeHw,DF,분할선,장방형,하양,,,-,15.1,7.6,6.0,20230823,1140.0,해열.진통.소염제,전문의약품,20031101,필름코팅정,,,,,,,20260102.0,3128109048,Dibrufen Tab. 400mg,649500350,"8806495003500,8806495003517,8806495003524,8806495003531"
202402457,이지엔6에이스정(아세트아미노펜),19540008,(주)대웅제약,흰색의 장방형 필름코팅정제,https://nedrug.mfds.go.kr/pbp/cmn/itemImageDownload/1PV-xbWHXxM,EAC,500,타원형,하양,,,,17.4,7.0,5.6,20250711,1140.0,해열.진통.소염제,일반의약품,20241018,필름코팅정,,,,,,,20251110.0,1248601143,Easy End Six Ace Tab.,,"8806416081808,8806416081815,8806416081822"
200809402,리피논정80밀리그램(아토르바스타틴칼슘삼수화물),19540001,동아에스티(주),이 약은 흰색의 타원형 필름코팅정이다.,https://nedrug.mfds.go.kr/pbp/cmn/itemImageDownload/147426403087300161,LPT,80,타원형,하양,,,,19.55,10.50,7.06,20160824,2180.0,동맥경화용제,전문의약품,20080910,필름코팅정,,,,,,,20260303.0,2048640122,Lipinon tablet 80mg (Atorvastatin calcium trihydrate),642506260,"8806425062607,8806425062614,8806425062621,8806425062638"
200900682,굿스펜연질캡슐(덱시부프로펜),19920004,광동제약(주),[내수용] 무색 내지 미색의 투명한 액상 내용물을 함유한 투명한 장방형 연질캡슐[수출용] 미황색의 투명한 유상내용물이 든 주황색의 투명한 타원형 연질캡슐,https://nedrug.mfds.go.kr/pbp/cmn/itemImageDownload/1Oikd3yeYje,KD GP,,장방형,투명,,,,20.0,8.8,8.8,20101109,1140.0,해열.진통.소염제,일반의약품,20090116,"연질캡슐제, 액상",,,,,,,20260102.0,1138108888,,,"8806418038909,8806418038916"
200903482,릴리펜덱시연질캡슐(덱시부프로펜),19550015,(주)동구바이오제약,무색 내지 연한 녹색의 투명한 액상 내용물을 함유한 녹색의 장방형 연질캡슐,https://nedrug.mfds.go.kr/pbp/cmn/itemImageDownload/146031002845800195,DCD,,타원형,초록,,,,20.5,7.8,7.8,20121018,1140.0,해열.진통.소염제,일반의약품,20090521,"연질캡슐제, 액상",,,,,,,20260114.0,1248533615,Relipen Dexy Soft Capsule,657304630,"8806573046306,8806573046313,8806573046320"
200902364,이프렌에스연질캡슐(덱시부프로펜),19560011,삼진제약(주),무색 내지 연한 청록색의 투명한 내용물이 든 연청록색의 투명한 장방형 연질캡슐,https://nedrug.mfds.go.kr/pbp/cmn/itemImageDownload/1ONpCOpRdVF,SJ DX,,장방형,"청록, 투명",,,,20,8.3,8.3,20101108,1140.0,해열.진통.소염제,일반의약품,20090401,"연질캡슐제, 액상",,,,,,,20260102.0,1248531621,Ipren S Soft Cap.,,"8806478034101,8806478034118,8806478034125"
200703733,판토스탁정20밀리그램(판토프라졸나트륨세스키히드레이트),19570014,환인제약(주),황색의 장용성 제피를 한 타원형 정제,https://nedrug.mfds.go.kr/pbp/cmn/itemImageDownload/151257494610100052,PTT,,타원형,노랑,,,,9.1,4.7,3.25,20100601,2320.0,소화성궤양용제,전문의약품,20070402,장용성필름코팅정,,,,,,,20230724.0,2158136171,Pantostac Tab. 20mg,657202190,"8806431007708,8806572021908,8806572021915"
200101951,한신타미놀캅셀(아세트아미노펜),19610004,(주)한국신약,백색의 가루가 충진된 상·하부 흰색의 캅셀제,https://nedrug.mfds.go.kr/pbp/cmn/itemImageDownload/147426395116500118,TAMI NOL,,장방형,하양,하양,,,21.3,7.5,7.5,20071220,1140.0,해열.진통.소염제,일반의약품,20010712,"경질캡슐제, 산제",,,,,,,,3148101187,,,"8806550050906,8806550050913,8806550050920"
200705825,아토스타정10밀리그램(아토르바스타틴칼슘삼수화물),19570006,동화약품(주),흰색의 타원형 필름코팅정,https://nedrug.mfds.go.kr/pbp/cmn/itemImageDownload/1Oo7XeTdjqg,D-W,AT1,타원형,하양,,,,10.0,5.2,3.8,20071212,2180.0,동맥경화용제,전문의약품,20070521,필름코팅정,,,,,,,20260303.0,1108100102,ATOSTAR Tablets 10mg,642702290,"8806427022906,8806427022913,8806427022920,8806427022937,8806427022944"
200808340,바로디핀정5밀리그램(암로디핀베실산염),19620001,신풍제약(주),흰색의 팔각형 정제,https://nedrug.mfds.go.kr/pbp/cmn/itemImageDownload/151706780504700036,VD분할선5,마크,팔각형,하양,,-,,8.7,6.2,3.8,20090820,2140.0,혈압강하제,전문의약품,20080804,나정,,"SP,5P,dS,d5",,https://nedrug.mfds.go.kr/pbp/cmn/itemImageDownload/147938640332900160,,r0053,20240830.0,1348103819,Barodipine Tab. 5mg,648500920,"8806485009208,8806485009215,8806485009222,8806485009239,8806485009246,8806485009253,8806485009260"
200903876,지르세틴정10밀리그램(세티리진염산염),19580005,태극제약(주),미황색의 타원형 필름코팅정,https://nedrug.mfds.go.kr/pbp/cmn/itemImageDownload/154333342488200016,T분할선Z,,타원형,노랑,,-,,12.5,6.8,4.0,20110421,1410.0,항히스타민제,일반의약품,20090601,필름코팅정,,,,,,,,1248134163,,,"8806448040408,8806448040415"
200905692,클라리틴정(로라타딘),20161555,바이엘코리아(주),흰색의 타원형 정제,https://nedrug.mfds.go.kr/pbp/cmn/itemImageDownload/1Oikd3yeZPX,마크분할선10,,타원형,하양,,-,,7.6,5.0,2.65,20041222,1410.0,항히스타민제,일반의약품,20090720,나정,"T,ㅗ,추",,https://nedrug.mfds.go.kr/pbp/cmn/itemImageDownload/147938647484100029,,r0137,,20250425.0,1208100467,CLARITYNE TAB.,,"8806411059000,8806411059017,8806411059024,8806421031607,8806421031614,8806421031621,8806555016501,8806555016518,8806555016525,8806555016532"
200905939,"세자르플러스프로정(로사르탄칼륨,히드로클로로티아지드)",19680005,삼익제약(주),흰색 내지 회백색의 타원형 필름코팅정제,https://nedrug.mfds.go.kr/pbp/cmn/itemImageDownload/147426445026400143,3CZ,분할선,타원형,하양,,,-,13.6,7.8,4.6,20091026,2140.0,혈압강하제,전문의약품,20090727,필름코팅정,,,,,,,20260219.0,1228113217,Cezar Plus Pro Tab.,644002750,"8806440027506,8806440027513,8806440027520,8806440027537"
200905597,덱시쿨펜연질캡슐(덱시부프로펜),19570018,경남제약(주),미황색의 투명한 유상내용물이 든 진한 녹색의 투명한 타원형 연질캅셀,https://nedrug.mfds.go.kr/pbp/cmn/itemImageDownload/147426450252900045,KN DS,,타원형,"분홍, 투명",,,,13,9,10,20100504,1140.0,해열.진통.소염제,일반의약품,20090717,"연질캡슐제, 액상",,,,,,,,1348142258,,,"8806476018103,8806476018110"
200905658,덱시브연질캡슐(덱시부프로펜),19600014,(주)한국파비스제약,무색의 투명한 액이 든 연한 청록색의 투명한 달걀형 연질캡슐,https://nedrug.mfds.go.kr/pbp/cmn/itemImageDownload/1Oqy0vxcEW5,덱시브,,타원형,"초록, 투명",,,,20.05,8,8,20120713,1140.0,해열.진통.소염제,일반의약품,20090720,"연질캡슐제, 액상",,,,,,,,2838501407,Dexibe Soft Capsule,,"8806218014301,8806218014318,8806218014325,8806836027202"
200905472,덱시카이플러스연질캡슐(덱시부프로펜),19640004,(주)씨엠지제약,무색 내지 미황색의 투명한 내용물을 함유하는 투명의 장방형 연질캡슐제,https://nedrug.mfds.go.kr/pbp/cmn/itemImageDownload/146032442560400084,덱시카이+,,타원형,"초록, 투명",,,,20.63,8.51,8.31,20120917,1140.0,해열.진통.소염제,일반의약품,20090716,"연질캡슐제, 액상",,,,,,,,1348171976,,,"8806486023401,8806486023418"
200905653,알지엔스피드연질캡슐10밀리그램(세티리진염산염),19540008,(주)대웅제약,무색 내지 연보라색의 내용물이 든 보라색의 투명한 타원형 연질캡슐,https://nedrug.mfds.go.kr/pbp/cmn/itemImageDownload/147426450252900136,RZN,,타원형,"보라, 투명",,,,12.9,7.7,7.7,20100216,1410.0,항히스타민제,일반의약품,20090720,"연질캡슐제, 액상",,,,,,,20240418.0,1248601143,RZN Speed Soft Cap 10mg,,"8806416031100,8806416031117,8806416031124,8806416031131"
200906585,레보세린정(레보세티리진염산염),19620008,영진약품(주),흰색 또는 미황색의 타원형 필름코팅정제,https://nedrug.mfds.go.kr/pbp/cmn/itemImageDownload/1PSet1337W1,L,Y,타원형,하양,,,,8.3,4.6,2.9,20091030,1410.0,항히스타민제,전문의약품,20090827,필름코팅정,,,,,,,20250318.0,2188100352,Levocerine Tab.,642402730,"8806424027300,8806424027317,8806424027324,8806424027331,8806424027348"
200906254,알러샷연질캡슐(세티리진염산염),19910005,(주)녹십자,무색 내지 연보라색의 내용물이 든 보라색의 투명한 타원형 연질캡슐,https://nedrug.mfds.go.kr/pbp/cmn/itemImageDownload/154661648918800015,A-S,,타원형,"보라, 투명",,,,12.50,7.58,7.58,20100305,1410.0,항히스타민제,일반의약품,20090812,"연질캡슐제, 액상",,,,,,,20231106.0,3038117108,Allershot Soft Cap.,,"8806436044807,8806436044814"
200906966,제로정150mg(덱시부프로펜),19550010,삼일제약(주),연한 파란색의 마름모형 필름코팅정제,https://nedrug.mfds.go.kr/pbp/cmn/itemImageDownload/1Oqy0vxcEYl,마크,X,마름모형,파랑,,,,9.1,8.2,5.7,20100712,1140.0,해열.진통.소염제,일반의약품,20090917,필름코팅정,"i,촛불",,https://nedrug.mfds.go.kr/pbp/cmn/itemImageDownload/147938654295100080,,r0285,,,1348500765,Xero Tab. 150mg,,"8806439027807,8806439027814"
200907189,클라빅신정(클로피도그렐황산수소염),19910001,한국유나이티드제약(주),분홍색의 원형 필름코팅정,https://nedrug.mfds.go.kr/pbp/cmn/itemImageDownload/147426455627900042,UT,CL,원형,분홍,,,,8.7,8.7,4.1,20091127,2180.0,동맥경화용제,전문의약품,20090930,필름코팅정,,,,,,,20230309.0,3078105244,Clavixin Tab.,644307080,"8806443070806,8806443070813,8806443070820,8806443070837,8806443070844"
200904441,프로펜디연질캡슐(덱시부프로펜),19700012,(주)서흥,무색 내지 미황색의 투명한 내용물을 함유하는 투명의 장방형 연질캡슐제,https://nedrug.mfds.go.kr/pbp/cmn/itemImageDownload/147426429003700074,프로펜디,,장방형,"노랑, 투명",,,,21,8,8,20101227,1140.0,해열.진통.소염제,일반의약품,20090624,"연질캡슐제, 액상",,,,,,,20260102.0,1308100576,Profen-D Soft Capsule(Dexibuprofen),,"8806796006200,8806796006217"
200904516,쥬르택정(세티리진염산염),19640007,조아제약(주),흰색의 장방형 필름코팅정제,https://nedrug.mfds.go.kr/pbp/cmn/itemImageDownload/1N-vZRnyppW,CΛJ,분할선,장방형,하양,,,-,9.2,4.4,2.9,20101110,1410.0,항히스타민제,일반의약품,20090626,필름코팅정,,,,,,,20241129.0,6088124071,jurtec tab,644602130,"8806446021300,8806446021317,8806446021324"
200904652,덱스모아연질캡슐(덱시부프로펜),19590006,오스틴제약(주),무색 내지 연한 청록색의 투명한 내용물이 든 연청록색의 투명한 장방형 연질캡슐,https://nedrug.mfds.go.kr/pbp/cmn/itemImageDownload/147426429003700195,Wal C47,,타원형,"초록, 투명",,,,19.4,8.8,8.8,20130521,1140.0,해열.진통.소염제,일반의약품,20090630,"연질캡슐제, 액상",,,,,,,,1248117301,,,"8806543041409,8806543041416"
200904666,아르텍연질캡슐10mg(세티리진염산염),19840009,(주)알피바이오,무색 내지 연보라색의 내용물이 든 보라색의 투명한 타원형 연질캡슐,https://nedrug.mfds.go.kr/pbp/cmn/itemImageDownload/147426433479800028,아르텍,,타원형,"보라, 투명",,,,12.73,7.79,7.79,20120112,1410.0,항히스타민제,일반의약품,20090630,"연질캡슐제, 액상",,,,,,,20231023.0,3048511124,Artec Soft Cap. 10mg,,"8806616031504,8806616031511"
200905055,디퓨텐연질캡슐(덱시부프로펜),19880003,동성제약(주),무색 내지 미황색의 투명한 내용물을 함유하는  투명의 장방형 연질캡슐제,https://nedrug.mfds.go.kr/pbp/cmn/itemImageDownload/1NOwp2F68Cb,디퓨텐,,타원형,"노랑, 투명",,,,21.1,8.5,8.5,20120120,1140.0,해열.진통.소염제,일반의약품,20090708,"연질캡슐제, 액상",,,,,,,20260102.0,2118125288,Diffuten Soft Cap.(Dexibuprofen),,"8806432019007,8806432019014"
200905264,린피스정(아스피린),20040011,(주)씨티씨바이오,분홍색 원형의 장용성필름코팅정,https://nedrug.mfds.go.kr/pbp/cmn/itemImageDownload/147426438997500129,YAS,,원형,분홍,,,,7,7,3.4,20120117,2190.0,기타의 순환계용약,일반의약품,20090713,장용성필름코팅정,,,,,,,,2158151094,,,"8806695010407,8806695010414,8806695010421,8806695010438,8806695010445"
200905198,넥스핀정(아스피린),19960030,(주)넥스팜코리아,분홍색 원형의 장용성 필름코팅정,https://nedrug.mfds.go.kr/pbp/cmn/itemImageDownload/148777809115000196,NKY,,원형,분홍,,,,7.19,7.19,4,20100531,2190.0,기타의 순환계용약,일반의약품,20090710,장용성필름코팅정,,,,,,,,3018125427,Nexphin Tab.,,"8806625022807,8806625022814,8806625022821,8806625022838,8806625022845"
200904774,세티린정(세티리진염산염),19570018,경남제약(주),미황색의 타원형 필름코팅정,https://nedrug.mfds.go.kr/pbp/cmn/itemImageDownload/152008545029500085,K분할선N,11,타원형,노랑,,-,,12,6,4,20110524,1410.0,항히스타민제,일반의약품,20090703,필름코팅정,,,,,,,,1348142258,,,"8806476024708,8806476024715"
201001682,레보텐션정5밀리그램(에스암로디핀베실산염2.5수화물),19580004,안국약품(주),이 약은 분할선이 새겨진 연한 주황색의 하트모양 정제,https://nedrug.mfds.go.kr/pbp/cmn/itemImageDownload/154333320801200012,A분할선G,LT5,기타,주황,,-,,8.5,7.5,3.2,20100322,2140.0,혈압강하제,전문의약품,20100225,나정,,,,,,,20230217.0,1188104188,Levotension Tab. 5mg,650203440,"8806502034404,8806502034411,8806502034428,8806502034435"
201001745,로디엔정5밀리그램(에스암로디핀니코틴산염),19690009,한림제약(주),흰색의 오각형 정제,https://nedrug.mfds.go.kr/pbp/cmn/itemImageDownload/154333330132400048,H분할선L,SX,오각형,하양,,-,,9,7.96,4.22,20100614,2140.0,혈압강하제,전문의약품,20100226,나정,,,,,,,20250122.0,1358102638,Lodien Tab. 5mg,645304050,"8806453040509,8806453040516,8806453040523,8806453040530,8806453040547"
201001950,신노바핀정10밀리그램(암로디핀베실산염),19560015,신일제약(주),흰색의 팔각형 정제,https://nedrug.mfds.go.kr/pbp/cmn/itemImageDownload/150946447752800065,SINIL,SV분할선 10,팔각형,하양,,,-,11.58,8.34,3.92,20100326,2140.0,혈압강하제,전문의약품,20100308,나정,,,,,,,20240830.0,3038113742,Sinnorvapin Tab.,653804440,"8806538044408,8806538044415"
201002150,글루코파지엑스알1000밀리그램서방정(메트포르민염산염),20160588,머크(주),흰색 내지 미색의 양면이 볼록한 타원형의 서방정,https://nedrug.mfds.go.kr/pbp/cmn/itemImageDownload/147426484987700130,MERCK,1000,타원형,하양,,,,22.5,12.0,8.0,20100607,3960.0,당뇨병용제,전문의약품,20100318,서방정,,,,,,,20260123.0,2208109507,GLUCOPHAGE XR TAB. 1000MG,661700580,"8806617005801,8806617005818,8806617005825"
201002151,다이아벡스엑스알서방정1000밀리그램(메트포르민염산염),20161349,(주)대웅제약,흰색 내지 미색의 양면이 볼록한 타원형의 서방정,https://nedrug.mfds.go.kr/pbp/cmn/itemImageDownload/147426484987700133,SR 1000,,타원형,하양,,,,22.1,10.61,8.42,20130305,3960.0,당뇨병용제,전문의약품,20100318,서방정,,,,,,,20230721.0,1248601143,DIABEX XR Tab 1000mg,641604640,"8806416046401,8806416046418"
201002280,명문암로디핀정5mg(암로디핀베실산염),19660002,명문제약(주),흰색의 팔각형 정제,https://nedrug.mfds.go.kr/pbp/cmn/itemImageDownload/154599025952100010,MM,A분할선5,팔각형,하양,,,-,8.70,6.11,3.45,20100413,2140.0,혈압강하제,전문의약품,20100325,나정,,,,,,,20240830.0,1248135615,Myungmoon Amlodipine Tab 5mg,649805060,"8806498050600,8806498050617,8806498050624,8806498050631,8806498050648"
201003060,넥사졸캡슐40밀리그램(에스오메프라졸),19720016,(주)엘지화학,"흰색 내지 연한 황갈색 과립을 함유하는 상부, 하부 미황색의 경질캡슐제",https://nedrug.mfds.go.kr/pbp/cmn/itemImageDownload/151706776344700097,LG ESM40,,장방형,노랑,노랑,,,21.5,7.3,7.5,20100603,2320.0,소화성궤양용제,전문의약품,20100426,"경질캡슐제, 장용성과립제",,,,,,,,1078198139,,,"8806689018105,8806689018112"
201003062,에소메드캡슐40밀리그램(에스오메프라졸),19570024,에스케이케미칼(주),"흰색 또는 연한 황갈색 과립을 함유하는 상부, 하부 보라색의 경질캡슐제",https://nedrug.mfds.go.kr/pbp/cmn/itemImageDownload/147426492165100074,SK E40,,장방형,자주,자주,,,21.8,7.7,7.7,20100511,2320.0,소화성궤양용제,전문의약품,20100426,"경질캡슐제, 장용성과립제",,,,,,,,8468100915,Esomed Cap. 40mg,,"8806447033807,8806447033814"
201003061,에스졸캡슐40밀리그램(에스오메프라졸),19700002,진양제약(주),"흰색 내지 연한 황갈색 과립을 함유하는 상부 청색, 하부 흰색의 경질캡슐제",https://nedrug.mfds.go.kr/pbp/cmn/itemImageDownload/147426492165100080,40 ESZ,,장방형,파랑,하양,,,21.0,7.0,7.0,20100618,2320.0,소화성궤양용제,전문의약품,20100426,"경질캡슐제, 장용성과립제",,,,,,,,2148110673,,,"8806503027009,8806503027016"
201003156,사브정2.5밀리그램(에스암로디핀베실산염2.5수화물),19700003,일성아이에스(주),분할선이 새겨진 엷은 황색의 육각형 정제,https://nedrug.mfds.go.kr/pbp/cmn/itemImageDownload/147426492165100101,사브,분할선,육각형,노랑,,,-,8.26,4.58,2.3,20111017,2140.0,혈압강하제,전문의약품,20100429,나정,,,,,,,20250501.0,1068100710,Sab Tab. 2.5mg,655402740,"8806554027409,8806554027416,8806554027423,8806554027430,8806554027447"
200907915,노자임캡슐10000(판크레아틴장용성제피미세정),20161662,(주)한국팜비오,"독특한 향의 회백색 장용성 제피미세정을 함유하는 상부 불투명 갈색, 하부 투명한 무색의 경질캡슐",https://nedrug.mfds.go.kr/pbp/cmn/itemImageDownload/153996362280200051,10.000,,장방형,갈색,투명,,,17,6,7,20100429,2330.0,건위소화제,일반의약품,20091106,"장용성캡슐제, 정제",,,,,,,,1258145722,Norzyme Cap 10000(Pancreatin enteric coated microtablet),,"8806599003901,8806599003918,8806599003925"
200907984,한림로자탄정100mg(로사르탄칼륨),19690009,한림제약(주),흰색의 물방울형 필름코팅정,https://nedrug.mfds.go.kr/pbp/cmn/itemImageDownload/1OnWl157lRW,100,HL,기타,하양,,,,11.8,7.2,4.6,20120209,2140.0,혈압강하제,전문의약품,20091110,필름코팅정,,,,,,,,1358102638,Hanlim Losartan Tab. 100mg,,"8806453040202,8806453040219,8806453040226,8806453040233"
200909484,바로스크정10밀리그램(암로디핀베실산염),19660001,현대약품(주),흰색의 팔각형정제,https://nedrug.mfds.go.kr/pbp/cmn/itemImageDownload/150946443710600041,HDP,VC분할선10,팔각형,하양,,,-,11.5,8.3,3.5,20100510,2140.0,혈압강하제,전문의약품,20091231,나정,,,,,,,20240830.0,1308100988,Varosc Tab. 10mg (Amlodipine Besylate),642002570,"8806420025706,8806420025713,8806420025720,8806420025737"
201007568,동화암로디핀베실산염정10밀리그램,19570006,동화약품(주),흰색의 팔각형 정제,https://nedrug.mfds.go.kr/pbp/cmn/itemImageDownload/150946223524600059,D-W,BA분할선10,팔각형,하양,,,-,11.5,8.3,4.1,20110308,2140.0,혈압강하제,전문의약품,20101221,나정,,,,,,,20240830.0,1108100102,DongWha Amlodipine besylate tablets 10mg,642705540,"8806427055409,8806427055416,8806427055423"
201100502,터논연질캡슐(덱시부프로펜),19650001,(주)종근당,무색 내지 연한 청색의 투명한 내용물을 함유하는 청색 투명의 타원형 연질캡슐,https://nedrug.mfds.go.kr/pbp/cmn/itemImageDownload/1OLYZI_IeAP,TON,,타원형,"파랑, 투명",,,,16.8,10.1,10.1,20110302,1140.0,해열.진통.소염제,일반의약품,20110131,"연질캡슐제, 액상",,,,,,,20260102.0,3128560679,Turnon Soft Cap.,,"8806433057800,8806433057817"
201004221,시암핀정(에스암로디핀베실산염),19720011,에이치엘비제약(주),분할선이 새겨진 엷은 황색의 하트 모양의 정제,https://nedrug.mfds.go.kr/pbp/cmn/itemImageDownload/147426502377200114,CT,분할선,기타,노랑,,,-,6.2,6.3,3.1,20101006,2140.0,혈압강하제,전문의약품,20100628,나정,,,,,,,,2088125623,,,"8806473023803,8806473023810,8806473023827"
201004222,카이로핀정(에스암로디핀베실산염2.5수화물),19610006,대화제약(주),분할선이 새겨진 엷은 황색의 하트 모양의 정제,https://nedrug.mfds.go.kr/pbp/cmn/itemImageDownload/154333326985900051,마크,분할선,기타,노랑,,,-,6.2,6.0,3.1,20100720,2140.0,혈압강하제,전문의약품,20100628,나정,"dHP,dP,d-P,cHP",,https://nedrug.mfds.go.kr/pbp/cmn/itemImageDownload/147938657883200180,,r0388,,20230724.0,1338122322,Kairopine Tab.,645603890,"8806456038909,8806456038916,8806456038923"
201006491,판토록정40밀리그램(판토프라졸나트륨세스키히드레이트),20160806,한국다케다제약(주),한면에 P40이 인쇄된 황색의 장용성 제피를 한 타원형 정제,https://nedrug.mfds.go.kr/pbp/cmn/itemImageDownload/1Orz9gcUHeM,P40,,타원형,노랑,,,,11.80,6.10,3.80,20041222,2320.0,소화성궤양용제,전문의약품,20101026,장용성필름코팅정,,,,,,,20240216.0,1068668073,PANTOLOC TAB. 40mg(Pantoprazole sodium sesquihydate),696300060,"8806700016400,8806963000604,8806963000611,8806963000628"
201006492,판토록정20밀리그램(판토프라졸나트륨세스키히드레이트),20160806,한국다케다제약(주),한면에 P20이 인쇄된 황색의 장용성 제피를 한 타원형 정제,https://nedrug.mfds.go.kr/pbp/cmn/itemImageDownload/1Orz9gcUHee,P20,,타원형,노랑,,,,8.95,4.70,3.20,20041222,2320.0,소화성궤양용제,전문의약품,20101026,장용성필름코팅정,,,,,,,20240216.0,1068668073,PANTOLOC TAB. 20mg(Pantoprazole sodium sesquihydate),696300050,"8806700016509,8806963000505,8806963000512,8806963000529"
201006511,클로피도정(클로피도그렐황산수소염),19610006,대화제약(주),분홍색의 원형 필름코팅정,https://nedrug.mfds.go.kr/pbp/cmn/itemImageDownload/154333326985900063,75,마크,원형,분홍,,,,8.5,8.5,4.0,20101216,2180.0,동맥경화용제,전문의약품,20101028,필름코팅정,,"dHP,dP,d-P,cHP",,https://nedrug.mfds.go.kr/pbp/cmn/itemImageDownload/147938657883200180,,r0388,20230309.0,1338122322,Clopido Tab.,645603940,"8806456039401,8806456039418,8806456039425,8806456039432,8806456039449,8806456039456,8806456039463,8806456039470"
201103627,미그펜400연질캡슐(이부프로펜),19840009,(주)알피바이오,[내수용] 무색 내지 엷은 청색의 액상 내용물이 든 청색의 투명한 타원형 연질캡슐[수출용] 무색 내지 엷은 청색의 액상 내용물이 든 청색의 투명한 장방형 연질캡슐,https://nedrug.mfds.go.kr/pbp/cmn/itemImageDownload/1OM2GQpPV3t,RPMGF,,타원형,"파랑, 투명",,,,16.2,10.2,10.2,20130523,1140.0,해열.진통.소염제,일반의약품,20110531,"연질캡슐제, 액상",,,,,,,20251010.0,3048511124,Migfen 400 Soft Cap.,,"8806616035700,8806616035717"
201103762,바로디핀정10밀리그램(암로디핀베실산염),19620001,신풍제약(주),흰색의 팔각형 정제,https://nedrug.mfds.go.kr/pbp/cmn/itemImageDownload/151732699404500094,VD분할선10,마크,팔각형,하양,,-,,11.6,8.4,4.0,20110909,2140.0,혈압강하제,전문의약품,20110609,나정,,"SP,5P,dS,d5",,https://nedrug.mfds.go.kr/pbp/cmn/itemImageDownload/147938640332900160,,r0053,20240830.0,1348103819,Barodipine Tab. 10mg,648506570,"8806485065709,8806485065716,8806485065723,8806485065730"
201103935,유영덱시부프로펜연질캡슐,19600016,(주)유영제약,무색 내지 연한 청록색의 투명한 내용물이 든 연청록색의 투명한 장방형 연질캡슐,https://nedrug.mfds.go.kr/pbp/cmn/itemImageDownload/147426559700200024,YDBFS,,장방형,"청록, 투명",,,,20,8.7,8.7,20110704,1140.0,해열.진통.소염제,일반의약품,20110623,"연질캡슐제, 액상",,,,,,,,3018109728,,,"8806482034708,8806482034715"
201101493,록스펜씨알정(록소프로펜나트륨),19620001,신풍제약(주),연한 노란색의 원형 장용성 유핵정,https://nedrug.mfds.go.kr/pbp/cmn/itemImageDownload/1PEPKBUcmLI,LCR,,원형,노랑,,,,7.7,7.7,4.8,20120229,1140.0,해열.진통.소염제,전문의약품,20110318,서방성필름코팅정,,,,,,,20240904.0,1348103819,Loxfen CR Tab.,648506510,"8806485065105,8806485065112,8806485065129,8806485065136,8806485065143,8806485065150"
201101856,에스졸캡슐20밀리그램(에스오메프라졸),19700002,진양제약(주),흰색 내지 연한 황갈색 과립을 함유하는 상부 노란색 하부 흰색의 경질캡슐제,https://nedrug.mfds.go.kr/pbp/cmn/itemImageDownload/147426549018000010,20 ESZ,,장방형,노랑,하양,,,17.60,6.07,6.35,20110513,2320.0,소화성궤양용제,전문의약품,20110331,"경질캡슐제, 장용성과립제",,,,,,,,2148110673,,,"8806503027801,8806503027818"
201101857,에소프라졸캡슐20밀리그램(에스오메프라졸),19760002,경동제약(주),흰색 내지 연한 황갈색 과립을 함유하는 상하부 불투명한 보라색의 경질캡슐제,https://nedrug.mfds.go.kr/pbp/cmn/itemImageDownload/147426549018000013,경동 E20,,장방형,남색,남색,,,17.6,6.3,6.3,20110418,2320.0,소화성궤양용제,전문의약품,20110331,"경질캡슐제, 장용성과립제",,,,,,,20240327.0,1248135518,Esoprazole Cap. 20mg,648103070,"8806481030701,8806481030718"
201101858,넥사졸캡슐20밀리그램(에스오메프라졸),19720016,(주)엘지화학,"흰색 내지 연한 황갈색 과립을 함유하는 상부, 하부 농황색의 경질캡슐제",https://nedrug.mfds.go.kr/pbp/cmn/itemImageDownload/151732689962500103,LG ESM20,,장방형,노랑,노랑,,,17.53,6.04,6.04,20110525,2320.0,소화성궤양용제,전문의약품,20110331,"경질캡슐제, 과립제",,,,,,,,1078198139,,,"8806689019607,8806689019614"
201102120,리드펜캡슐(덱시부프로펜),19660002,명문제약(주),청록색 혹은 엷은 청록색의 액체가 충전된 청록색의 띠로 접착시킨 상하부 청록색의 투명한 경질캡슐제,https://nedrug.mfds.go.kr/pbp/cmn/itemImageDownload/151732694515500006,MM DB300,,장방형,"초록, 투명","초록, 투명",,,21.4,7.33,7.64,20110425,1140.0,해열.진통.소염제,일반의약품,20110411,젤라틴코팅성경질캡슐제,,,,,,,,1248135615,,,"8806498052604,8806498052611"
201102749,서클베인장용정75밀리그램(아스피린),20090756,일양바이오팜(주),흰색의 원형 장용성 필름코팅정,https://nedrug.mfds.go.kr/pbp/cmn/itemImageDownload/1Pc8bb3CKMQ,ASP75,,원형,하양,,,,6.9,6.9,4.6,20110613,2190.0,기타의 순환계용약,일반의약품,20110429,장용성필름코팅정,,,,,,,,3048122322,Circlevein Enteric Coated Tab 75mg,,"8806966008805,8806966008812,8806966008829,8806966008836,8806966008843"
201103324,노마로크정5밀리그램(암로디핀베실산염),19580012,하나제약(주),흰색의 팔각형 정제,https://nedrug.mfds.go.kr/pbp/cmn/itemImageDownload/151732685268700118,HN분할선B5,,팔각형,하양,,-,,8.6,6.2,3.2,20110613,2140.0,혈압강하제,전문의약품,20110520,나정,,,,,,,20240830.0,1248137632,Normaloc Tab. 5mg,657804700,"8806578047001,8806578047018,8806578047025,8806578047032"
201103366,한솔이부프로펜연질캡슐,19890010,한솔신약(주),무색 내지 엷은 청색의 액상 내용물이 든 청색의 투명한 타원형 연질캡슐,https://nedrug.mfds.go.kr/pbp/cmn/itemImageDownload/147426555198900023,HIBFS,,타원형,"청록, 투명",,,,15,8,8,20120125,1140.0,해열.진통.소염제,일반의약품,20110523,"연질캡슐제, 액상",,,,,,,20251010.0,3038114421,Hansol Ibuprofen Soft Capsule,,"8806458034800,8806458034817"
201106784,베실로핀정10밀리그램(암로디핀베실산염),19640013,(주)티디에스팜,흰색의 팔각형 정제,https://nedrug.mfds.go.kr/pbp/cmn/itemImageDownload/147426570506500035,A10,TD,팔각형,하양,,,,11.5,8.2,4,20111214,2140.0,혈압강하제,전문의약품,20110920,나정,,,,,,,,3038134897,,,"8806798013107,8806798013114,8806798013121"
201109188,로자신정100밀리그램(로사르탄칼륨),19620001,신풍제약(주),흰색의 달걀형 필름코팅정제,https://nedrug.mfds.go.kr/pbp/cmn/itemImageDownload/147426587165200010,마크,100,기타,하양,,,,11.8,7.3,5,20120223,2140.0,혈압강하제,전문의약품,20111026,필름코팅정,"SP,5P,dS,d5",,https://nedrug.mfds.go.kr/pbp/cmn/itemImageDownload/147938640332900160,,r0053,,20260212.0,1348103819,Lozarsin tablet 100mg,648506680,"8806485066805,8806485066812,8806485066829,8806485066836"
201110120,트리스펜연질캡슐(이부프로펜),19570006,동화약품(주),무색 내지 미색의 투명한 내용물을 함유한 투명한 타원형 연질캡슐,https://nedrug.mfds.go.kr/pbp/cmn/itemImageDownload/154661645880000045,D-W IB,,타원형,"노랑, 투명",,,,16,10,10,20111202,1140.0,해열.진통.소염제,일반의약품,20111118,"연질캡슐제, 액상",,,,,,,20251010.0,1108100102,TRISFEN soft capsules,,"8806427058301,8806427058318"
201111150,"클라빅신듀오캡슐75/100밀리그램(클로피도그렐,아스피린)",19910001,한국유나이티드제약(주),"분홍색의 장방형 필름코팅 정제와 흰색의 구형입자가 충전되어 있는 상부 주황색, 하부 흰색의 경질캡슐제",https://nedrug.mfds.go.kr/pbp/cmn/itemImageDownload/151732699404600042,UT CL DUO,,장방형,주황,하양,,,19.1,6.63,6.91,20120203,2180.0,동맥경화용제,전문의약품,20111223,"경질캡슐제, 과립제정제",,,,,,,20260324.0,3078105244,CLAVIXIN DUO Caps.,644308290,"8806443082908,8806443082915,8806443082922,8806443082939,8806443082946,8806443082953,8806443082960,8806443082977,8806443082984"
201107199,"메디롤엠정2/500밀리그램(글리메피리드,메트포르민염산염)",19680005,삼익제약(주),흰색의 장방형 필름코팅정제,https://nedrug.mfds.go.kr/pbp/cmn/itemImageDownload/1OKRXo9l4Ka,마크,25,타원형,하양,,,,15.7,8.7,5.8,20111130,3960.0,당뇨병용제,전문의약품,20110927,필름코팅정,"三IK,三1K,≡IK,≡1K",,https://nedrug.mfds.go.kr/pbp/cmn/itemImageDownload/147938650963600088,,r0219,,20250310.0,1228113217,Mediroll M Tab. 2/500mg,644003180,"8806440031800,8806440031817,8806440031824,8806440031831"
201107229,"아베린엠정2/500밀리그램(글리메피리드, 메트포르민염산염)",19870002,(주)휴온스,흰색의 장방형 필름코팅정제,https://nedrug.mfds.go.kr/pbp/cmn/itemImageDownload/147426570506500192,HS 25,분할선,타원형,하양,,,-,15.9,8.7,6.3,20111116,3960.0,당뇨병용제,전문의약품,20110927,필름코팅정,,,,,,,20250310.0,8638700270,"Aberin-M Tab. 2/500mg (Glimepiride, metformin hydrochloride)",670605930,"8806706059302,8806706059319,8806706059326,8806706059333"
201107513,"글루폴민정2/500밀리그램(글리메피리드, 메트포르민염산염)",19600002,(주)일화,흰색의 장방형 필름코팅정제,https://nedrug.mfds.go.kr/pbp/cmn/itemImageDownload/152613961341600056,IH 25,분할선,타원형,하양,,,-,15.9,8.7,6.1,20121217,3960.0,당뇨병용제,전문의약품,20110929,필름코팅정,,,,,,,20250310.0,1328101004,Gluformin Tab. 2/500mg,640902330,"8806409023303,8806409023310,8806409023327"
201205628,레토프라정20밀리그램(에스-판토프라졸나트륨 삼수화물),19580004,안국약품(주),노란색의 장용성 제피를 한 양면이 볼록한 타원형 정제,https://nedrug.mfds.go.kr/pbp/cmn/itemImageDownload/1OtmLR_t1q9,L20,,타원형,노랑,,,,11.3,5.9,3.4,20120730,2320.0,소화성궤양용제,전문의약품,20120618,장용성필름코팅정,,,,,,,20230514.0,1188104188,Letopra Tab. 20mg,650203850,"8806502038501,8806502038518,8806502038525,8806502038532"
201205832,록스핀정(록소프로펜나트륨수화물),19910001,한국유나이티드제약(주),흰색의 원형 정제,https://nedrug.mfds.go.kr/pbp/cmn/itemImageDownload/147426616587000130,LOX,U분할선T,원형,하양,,,-,9.15,9.15,3.85,20120817,1140.0,해열.진통.소염제,전문의약품,20120622,나정,,,,,,,20240108.0,3078105244,Loxfin Tab.,644308400,"8806443084001,8806443084018,8806443084025,8806443084032,8806443084049"
201205890,프로부펜정400밀리그램(이부프로펜),19540005,삼성제약(주),주황색의 장방형 제피정,https://nedrug.mfds.go.kr/pbp/cmn/itemImageDownload/147426616587000155,SSP4,분할선,장방형,주황,,,-,15,8,3,20120730,1140.0,해열.진통.소염제,일반의약품,20120625,필름코팅정,,,,,,,,2078100726,,,"8806423063101,8806423063118"
201206201,로펜탁정60밀리그램(록소프로펜나트륨수화물),19570014,환인제약(주),백색의 원형 정제,https://nedrug.mfds.go.kr/pbp/cmn/itemImageDownload/1PobI1ky3an,W분할선I,LX,원형,하양,,-,,8.1,8.1,3.6,20120821,1140.0,해열.진통.소염제,전문의약품,20120720,나정,,,,,,,20240108.0,2158136171,Lopentac Tab. 60mg,657202370,"8806572023704,8806572023711,8806572023728"
201206250,뮤코테라트로키제(암브록솔염산염),19850002,(주)테라젠이텍스,흰색의 원형트로키제,https://nedrug.mfds.go.kr/pbp/cmn/itemImageDownload/147426622886300069,ETX,,원형,하양,,,,14.9,14.9,5.8,20120808,2220.0,진해거담제,일반의약품,20120725,트로키제,,,,,,,,1348545665,Mucothera Troche,,"8806985022509,8806985022516"
201206318,뉴스타틴에이정20밀리그램(아토르바스타틴칼슘삼수화물),19560011,삼진제약(주),흰색의 타원형 필름코팅정,https://nedrug.mfds.go.kr/pbp/cmn/itemImageDownload/148665498867700148,SJ,20,타원형,하양,,,,11.32,5.61,4.15,20121003,2180.0,동맥경화용제,전문의약품,20120730,필름코팅정,,,,,,,20260303.0,1248531621,Neustatin A Tab. 20mg,647803670,"8806478036709,8806478036716,8806478036723"
201206319,뉴스타틴에이정10밀리그램(아토르바스타틴칼슘삼수화물),19560011,삼진제약(주),흰색의 타원형 필름코팅정,https://nedrug.mfds.go.kr/pbp/cmn/itemImageDownload/150825485838600019,SJ,10,타원형,하양,,,,8.27,4.29,3.6,20121003,2180.0,동맥경화용제,전문의약품,20120730,필름코팅정,,,,,,,20260303.0,1248531621,Neustatin A Tab. 10mg,647803660,"8806478036600,8806478036617,8806478036624"
201200216,유나스크정10mg(암로디핀베실산염),19910001,한국유나이티드제약(주),흰색의 팔각형 정제,https://nedrug.mfds.go.kr/pbp/cmn/itemImageDownload/150946451934300019,UT,AM분할선10,팔각형,하양,,,-,11.6,8.4,4,20120208,2140.0,혈압강하제,전문의약품,20120109,나정,,,,,,,20240830.0,3078105244,Unasc Tab. 10mg,644308300,"8806443083004,8806443083011,8806443083028,8806443083035"
201200590,익스트림정20밀리그램(판토프라졸나트륨세스키히드레이트),19620001,신풍제약(주),황색의 장용성제피를 한 타원형 정제,https://nedrug.mfds.go.kr/pbp/cmn/itemImageDownload/1NCzXnoXF5i,SP 20,,타원형,노랑,,,,9,4.7,3.5,20120319,2320.0,소화성궤양용제,전문의약품,20120126,장용성필름코팅정,,,,,,,20230724.0,1348103819,Extreme tablet 20mg,648506700,"8806485067000,8806485067017,8806485067024"
201200603,플빅스정(클로피도그렐황산염),19950015,한국프라임제약(주),분홍색의 원형 필름코팅정제,https://nedrug.mfds.go.kr/pbp/cmn/itemImageDownload/147426597943600024,KPP,COP,원형,분홍,,,,8.7,8.7,4.1,20120501,2180.0,동맥경화용제,전문의약품,20120127,필름코팅정,,,,,,,20230309.0,4028524506,Plvix Tab.,663605510,"8806633007704,8806633007711,8806633007728,8806636055108,8806636055115,8806636055122"
201203513,아리토정20밀리그램(아토르바스타틴칼슘수화물),19580012,하나제약(주),흰색 타원형의 필름코팅정,https://nedrug.mfds.go.kr/pbp/cmn/itemImageDownload/148665488323600002,HN,A20,타원형,하양,,,,12,6.5,4.75,20120702,2180.0,동맥경화용제,전문의약품,20120427,필름코팅정,,,,,,,20260303.0,1248137632,Arito Tab. 20mg,657804900,"8806578049005,8806578049012,8806578049029,8806578049036"
201203514,아리토정10밀리그램(아토르바스타틴칼슘수화물),19580012,하나제약(주),흰색 타원형의 필름코팅정,https://nedrug.mfds.go.kr/pbp/cmn/itemImageDownload/1MksuF0DVOY,HN,A10,타원형,하양,,,,9.5,5,3.5,20120702,2180.0,동맥경화용제,전문의약품,20120427,필름코팅정,,,,,,,20260303.0,1248137632,Arito Tab. 10mg,657804910,"8806578049104,8806578049111,8806578049128"
201203607,아토반정10밀리그램(아토르바스타틴칼슘수화물),19620002,동국제약(주),흰색의 타원형 필름코팅정,https://nedrug.mfds.go.kr/pbp/cmn/itemImageDownload/1OaGlNUXHej,마크,A10,타원형,하양,,,,9.8,5.2,3.5,20120619,2180.0,동맥경화용제,전문의약품,20120430,필름코팅정,"dk,cK",,https://nedrug.mfds.go.kr/pbp/cmn/itemImageDownload/147938644048800119,,r0103,,20260303.0,3018508241,Atovan Tablet 10mg (Atorvastatin Calcium Trihydrate),653402570,"8806534025708,8806534025715,8806534025722"
201205038,리록스정(록소프로펜나트륨수화물),19600004,(주)한국파마,흰색 내지 미백색의 원형 정제,https://nedrug.mfds.go.kr/pbp/cmn/itemImageDownload/147426609286000122,LXQ분할선LXQ,,원형,하양,,-,,9,9,3,20120611,1140.0,해열.진통.소염제,전문의약품,20120523,나정,,,,,,,20240108.0,1248115899,Relox Tab.,653005060,"8806530050605,8806530050612,8806530050629"
201206681,글로포민서방정(메트포르민염산염),20020023,(주)킵스바이오파마,흰색의 장방형정제,https://nedrug.mfds.go.kr/pbp/cmn/itemImageDownload/146032837760700142,KG,500,타원형,하양,,,,18.5,8.8,5.9,20121128,3960.0,당뇨병용제,전문의약품,20120903,서방정,,,,,,,20230721.0,2098126571,Gloformin SR Tab.,693200660,"8806932006606,8806932006613,8806932006620,8806932006637"
201207508,프로빅스정(클로피도그렐황산수소염),20090778,(주)한국피엠지제약,분홍색의 원형 필름코팅정,https://nedrug.mfds.go.kr/pbp/cmn/itemImageDownload/146032488838200122,PU,75,원형,분홍,,,,9,9,4,20121129,2180.0,동맥경화용제,전문의약품,20121030,필름코팅정,,,,,,,20240108.0,1348627965,Provix Tab.,697100330,"8806971003307,8806971003314,8806971003321"
201207510,클로피나정(클로피도그렐황산염),19550015,(주)동구바이오제약,분홍색의 원형 필름코팅정,https://nedrug.mfds.go.kr/pbp/cmn/itemImageDownload/146032416901200066,DKP,75,원형,분홍,,,,8.5,8.5,3,20121221,2180.0,동맥경화용제,전문의약품,20121030,필름코팅정,,,,,,,20230309.0,1248533615,Clopina Tab.,657305790,"8806573057906,8806573057913,8806573057920"
201207517,클로린정75밀리그램(클로피도그렐황산염),19870002,(주)휴온스,분홍색의 원형 필름코팅정,https://nedrug.mfds.go.kr/pbp/cmn/itemImageDownload/148725962318400144,C1,HS,원형,분홍,,,,13.5,13.5,8.5,20121203,2180.0,동맥경화용제,전문의약품,20121030,필름코팅정,,,,,,,20230309.0,8638700270,Clorin Tab. 75mg (Clopidogrel bisulfate),670606340,"8806706063408,8806706063415,8806706063422"
201207579,노바스크구강붕해정5밀리그램(암로디핀베실산염),20160560,한국화이자제약(주),연한 노란색의 원형 구강붕해정,https://nedrug.mfds.go.kr/pbp/cmn/itemImageDownload/1Mp3yEn25CE,A5,,원형,노랑,,,,10.65,10.65,3.55,20121218,2140.0,혈압강하제,전문의약품,20121031,구강붕해정,,,,,,,,2078100406,,,"8806489022906,8806489022913"
201207580,노바스크구강붕해정10밀리그램(암로디핀베실산염),20160560,한국화이자제약(주),연한 노란색의 원형 구강붕해정,https://nedrug.mfds.go.kr/pbp/cmn/itemImageDownload/146031483550000072,A10,,원형,노랑,,,,12.75,12.75,4.55,20121218,2140.0,혈압강하제,전문의약품,20121031,구강붕해정,,,,,,,,2078100406,,,"8806489023002,8806489023019"
201207629,에스트라암로디핀정5밀리그램(암로디핀베실산염),19570001,(주)에스트라,흰색의 팔각형 나정,https://nedrug.mfds.go.kr/pbp/cmn/itemImageDownload/1Mxwka5v3xC,PAC,AM분할선5,팔각형,하양,,,-,8.66,6.16,3.33,20130109,2140.0,혈압강하제,전문의약품,20121102,나정,,,,,,,,1068138502,,,"8806700017308,8806700017315,8806700017322,8806700017339,8806700017346"
201208434,네오드로핀정(암로디핀베실산염),19600011,미래바이오제약(주),흰색의 팔각형 정제,https://nedrug.mfds.go.kr/pbp/cmn/itemImageDownload/148829657920500052,NE분할선5,마크,팔각형,하양,,-,,8.7,6.3,3.2,20130208,2140.0,혈압강하제,전문의약품,20121116,나정,,"mR,m,w,ω,mr,nR",,https://nedrug.mfds.go.kr/pbp/cmn/itemImageDownload/147938650963600067,,r0212,20240830.0,1258139744,Neodropine Tab.,657502450,"8806575024500,8806575024517,8806575024524"
201208463,노보틴서방정(메트포르민염산염),19590006,오스틴제약(주),흰색의 장방형 정제,https://nedrug.mfds.go.kr/pbp/cmn/itemImageDownload/147426639351800055,WK,MF,타원형,하양,,,,19,9.2,6.4,20130405,3960.0,당뇨병용제,전문의약품,20121119,서방정,,,,,,,20230721.0,1248117301,Novotin SR Tab.(Metformin HCl),,"8806543045803,8806543045810,8806543045827,8806543045834"
201208518,멜로디핀에스정(에스암로디핀베실산염2.5수화물),19600016,(주)유영제약,분할선이 새겨진 엷은 황색의 하트 모양의 정제,https://nedrug.mfds.go.kr/pbp/cmn/itemImageDownload/147426639351800111,분할선,마크,기타,노랑,,-,,6.3,6.25,3,20130122,2140.0,혈압강하제,전문의약품,20121121,나정,,Y,,https://nedrug.mfds.go.kr/pbp/cmn/itemImageDownload/147938654295200058,,r0316,20260205.0,3018109728,Melodipine S Tab.,648203590,"8806482035903,8806482035910,8806482035927"
201206759,록소리스정(록소프로펜나트륨수화물),19550015,(주)동구바이오제약,흰색의 원형 정제,https://nedrug.mfds.go.kr/pbp/cmn/itemImageDownload/146032412701800038,DC분할선LX,,원형,하양,,-,,8.8,8.8,3,20121122,1140.0,해열.진통.소염제,전문의약품,20120912,나정,,,,,,,20240108.0,1248533615,Loxoless Tab.,657305840,"8806573058408,8806573058415,8806573058422"
201206760,록프로펜정(록소프로펜나트륨수화물),19560016,제이더블유신약(주),흰색의 원형 정제,https://nedrug.mfds.go.kr/pbp/cmn/itemImageDownload/146032089035200072,마크분할선LS,,원형,하양,,-,,8.83,8.83,2.85,20121016,1140.0,해열.진통.소염제,전문의약품,20120912,나정,"js,j5",,https://nedrug.mfds.go.kr/pbp/cmn/itemImageDownload/147938661567700103,,r0430,,20240809.0,3128102332,LOXPROFEN Tab. (Loxoprofen Sodium Hydrate),644102220,"8806441022203,8806441022210,8806441022227,8806441022234"
201206761,글루파민서방정500밀리그램(메트포르민염산염),19560005,아주약품(주),흰색의 장방형 정제,https://nedrug.mfds.go.kr/pbp/cmn/itemImageDownload/146032564528800007,ΛJU,GFT,타원형,하양,,,,19,9.2,4.5,20121121,3960.0,당뇨병용제,전문의약품,20120912,서방정,,,,,,,20230721.0,8028803696,GLUFAMIN ER TAB 500MG,654004070,"8806540040702,8806540040719,8806540040726"
201206849,노바크정5밀리그램(암로디핀베실산염),19630009,영풍제약(주),흰색의 팔각형 정제,https://nedrug.mfds.go.kr/pbp/cmn/itemImageDownload/146032493107200144,NV분할선5,YPP,팔각형,하양,,-,,8.7,6.2,3.5,20121126,2140.0,혈압강하제,전문의약품,20120919,나정,,,,,,,20240830.0,1398102509,NobacTab.5mg(Amlodipinebesylate),661904100,"8806619041005,8806619041012,8806619041029,8806619041036"
